{"cameraMode":{"drawMode":0,"name":"Shaded","section":"Shading Mode"},"sceneLighting":false,"audioPlay":false,"sceneViewState":{"m_AlwaysRefresh":false,"showFog":true,"showSkybox":false,"showFlares":true,"showImageEffects":true,"showParticleSystems":true,"showVisualEffectGraphs":true,"m_FxEnabled":true},"in2DMode":false,"pivot":{"x":-0.01643037423491478,"y":-0.11407358199357987,"z":0.07014161348342896},"rotation":{"x":0.44494327902793887,"y":-0.38553130626678469,"z":0.2204955816268921,"w":0.7777771353721619},"size":0.2222648411989212,"orthographic":false}