{"cameraMode":{"drawMode":0,"name":"Shaded","section":"Shading Mode"},"sceneLighting":false,"audioPlay":false,"sceneViewState":{"m_AlwaysRefresh":false,"showFog":true,"showSkybox":false,"showFlares":true,"showImageEffects":true,"showParticleSystems":true,"showVisualEffectGraphs":true,"m_FxEnabled":true},"in2DMode":false,"pivot":{"x":-0.03139089420437813,"y":-0.0540461540222168,"z":0.01078324019908905},"rotation":{"x":0.35621917247772219,"y":0.0647052600979805,"z":-0.024775976315140725,"w":0.931918740272522},"size":0.16861297190189362,"orthographic":false}