{"cameraMode":{"drawMode":0,"name":"Shaded","section":"Shading Mode"},"sceneLighting":true,"audioPlay":false,"sceneViewState":{"m_AlwaysRefresh":false,"showFog":true,"showSkybox":true,"showFlares":true,"showImageEffects":true,"showParticleSystems":true,"showVisualEffectGraphs":true,"m_FxEnabled":true},"in2DMode":false,"pivot":{"x":5.357186794281006,"y":0.8291125893592835,"z":33.162845611572269},"rotation":{"x":0.1528978794813156,"y":0.4167778789997101,"z":-0.07131817936897278,"w":0.8933156728744507},"size":1.4657021760940552,"orthographic":false}