{"cameraMode":{"drawMode":0,"name":"Shaded","section":"Shading Mode"},"sceneLighting":false,"audioPlay":false,"sceneViewState":{"m_AlwaysRefresh":false,"showFog":true,"showSkybox":false,"showFlares":true,"showImageEffects":true,"showParticleSystems":true,"showVisualEffectGraphs":true,"m_FxEnabled":true},"in2DMode":false,"pivot":{"x":-0.1399998664855957,"y":0.25000011920928957,"z":-0.2496335506439209},"rotation":{"x":-0.06507063657045365,"y":0.7247214913368225,"z":-0.06917622685432434,"w":-0.6825513243675232},"size":0.38050392270088198,"orthographic":false}