{"cameraMode":{"drawMode":0,"name":"Shaded","section":"Shading Mode"},"sceneLighting":false,"audioPlay":false,"sceneViewState":{"m_AlwaysRefresh":false,"showFog":true,"showSkybox":false,"showFlares":true,"showImageEffects":true,"showParticleSystems":true,"showVisualEffectGraphs":true,"m_FxEnabled":true},"in2DMode":false,"pivot":{"x":-0.9622670412063599,"y":1.2236672639846802,"z":-0.2491769790649414},"rotation":{"x":-0.003965273965150118,"y":-0.9779902696609497,"z":0.01818176731467247,"w":-0.2080986052751541},"size":1.3000684976577759,"orthographic":false}