{"cameraMode":{"drawMode":0,"name":"Shaded","section":"Shading Mode"},"sceneLighting":false,"audioPlay":false,"sceneViewState":{"m_AlwaysRefresh":false,"showFog":true,"showSkybox":false,"showFlares":true,"showImageEffects":true,"showParticleSystems":true,"showVisualEffectGraphs":true,"m_FxEnabled":true},"in2DMode":false,"pivot":{"x":0.10749760270118714,"y":-0.1353062242269516,"z":-0.7060186862945557},"rotation":{"x":0.0010022623464465142,"y":0.9955053329467773,"z":-0.009557290002703667,"w":0.0949234664440155},"size":0.8022855520248413,"orthographic":false}