{"cameraMode":{"drawMode":0,"name":"Shaded","section":"Shading Mode"},"sceneLighting":false,"audioPlay":false,"sceneViewState":{"m_AlwaysRefresh":false,"showFog":true,"showSkybox":false,"showFlares":true,"showImageEffects":true,"showParticleSystems":true,"showVisualEffectGraphs":true,"m_FxEnabled":true},"in2DMode":false,"pivot":{"x":0.29693788290023806,"y":-0.04886952042579651,"z":0.03127053380012512},"rotation":{"x":0.028404448181390764,"y":-0.902772843837738,"z":0.4251245856285095,"w":0.06022772565484047},"size":0.1808008849620819,"orthographic":false}