{"cameraMode":{"drawMode":0,"name":"Shaded","section":"Shading Mode"},"sceneLighting":false,"audioPlay":false,"sceneViewState":{"m_AlwaysRefresh":false,"showFog":true,"showSkybox":false,"showFlares":true,"showImageEffects":true,"showParticleSystems":true,"showVisualEffectGraphs":true,"m_FxEnabled":true},"in2DMode":false,"pivot":{"x":-0.3376915156841278,"y":-0.03269215300679207,"z":0.041646696627140048},"rotation":{"x":0.028404448181390764,"y":-0.902772843837738,"z":0.4251245856285095,"w":0.06022772565484047},"size":0.09703569114208222,"orthographic":false}