{"cameraMode":{"drawMode":0,"name":"Shaded","section":"Shading Mode"},"sceneLighting":false,"audioPlay":false,"sceneViewState":{"m_AlwaysRefresh":false,"showFog":true,"showSkybox":false,"showFlares":true,"showImageEffects":true,"showParticleSystems":true,"showVisualEffectGraphs":true,"m_FxEnabled":true},"in2DMode":false,"pivot":{"x":0.1869947761297226,"y":0.012137293815612793,"z":0.09080943465232849},"rotation":{"x":0.5324863791465759,"y":0.016767418012022973,"z":-0.010599389672279358,"w":0.846303403377533},"size":0.22229979932308198,"orthographic":false}